"","subtype","xint","xlow","xhigh","slope","slo","shi","rsqrd"
"1","AE",1971.38561650402,1970.11840029411,1972.65283271394,0.0025,0.00230536751641227,0.00266707515710826,0.51
"2","AG",1957.34653694983,1952.36690613582,1962.32616776384,0.0022,0.00174878107468427,0.00266807941871774,0.35
"3","A1",1932.03530699215,1924.91237863873,1939.15823534558,0.0027,0.00217388861013176,0.00321228831557327,0.26
"4","B",1941.22892025001,1939.71187351254,1942.74596698747,0.0024,0.00231664289578427,0.00253966995147975,0.34
"5","C",1926.91608950742,1922.03705989704,1931.7951191178,0.002,0.00174867677674782,0.00223272722320655,0.13
"6","D",1944.49747742209,1938.13168852236,1950.86326632181,0.0019,0.00146980919939216,0.00232347795032708,0.33
"7","F1",1970.34759041736,1966.35216484355,1974.34301599117,0.0023,0.00185162299374219,0.00280707317515893,0.57
