"","subtypes","VR1.rate","VR2.rate","VR3.rate","VR4.rate","VR5.rate"
"1","01_AE",0.0587669312524771,0.0561548667987972,0.00260736741781294,0.0175507907743292,0.0234650390433671
"2","02_AG",0.030774101725465,0.0345196856896547,0.00546895387886416,0.0279268375031863,0.00884291882205868
"3","A1",0.0236800953131,0.0401622972754803,0.00416295831383847,0.0231102427620192,0.00776690481173651
"4","B",0.0264306706551888,0.0170108049660936,0.00245505106199448,0.0167259391853322,0.0153685490096442
"5","C",0.0358208879033773,0.0406409191505671,0.00435362341312904,0.0178229246385476,0.0178629799119197
"6","D",0.0364986530207308,0.0368680768156866,0.00763145616696801,0.0218304511437888,0.0141756307082268
"7","F1",0.0349751629467468,0.0207642248473781,6.47509586144786e-09,0.00211349428326013,0.0142126858483605
