Sequence:	Muts:	Out of:	Controls:	Out of:	Rate Ratio:	Fisher Exact P-value:
C.ZA.2005.28376.KF996577.12.2_42	15	165		8	138	1.57	      	0.195466
C.ZA.2005.28376.KF996578.12.2_42	15	165		8	138	1.57	      	0.195466
C.ZA.2005.28376.KF996579.12.2_42	15	165		7	138	1.79	      	0.130856
C.ZA.2005.28376.KF996576.12.2_42	15	165		8	138	1.57	      	0.195466
